text,intent
Оформи профиль компании,create_company_profile
Сделай регистрацию фирмы онлайн,create_company_profile
Добавь профиль юрлица,create_company_profile
с нуля добавь данные новой компании,create_company_profile
Хочу создать аккаунт компании повторно,create_company_profile
Зарегистрируй организацию в системе,create_company_profile
в базе хочу открыть профиль для своей фирмы,create_company_profile
Создай профиль компании пожалуйста,create_company_profile
Добавь новую организацию,create_company_profile
Открой карточку компании для компании,create_company_profile
Добавь новую организацию онлайн,create_company_profile
Хочу создать аккаунт компании на завтра,create_company_profile
Добавь профиль юрлица сейчас,create_company_profile
Создай карточку организации в базе,create_company_profile
Создай профиль компании срочно,create_company_profile
на сегодня хочу открыть профиль для своей фирмы,create_company_profile
Открой карточку компании,create_company_profile
Зарегистрируй компанию для работы с нуля,create_company_profile
Создай карточку организации,create_company_profile
Зарегистрируй компанию для работы еще раз,create_company_profile
Добавь компанию в систему,create_company_profile
Открой карточку компании онлайн,create_company_profile
в базе хочу завести учетку для компании,create_company_profile
Добавь компанию в систему,create_company_profile
через портал добавь компанию в систему,create_company_profile
Хочу открыть профиль для своей фирмы с нуля,create_company_profile
на сегодня хочу создать аккаунт компании,create_company_profile
Зарегистрируй организацию в системе,create_company_profile
Зарегистрируй организацию в системе,create_company_profile
сейчас сделай регистрацию фирмы,create_company_profile
Добавь данные новой компании еще раз,create_company_profile
Добавь компанию в систему,create_company_profile
в систему хочу завести учетку для компании,create_company_profile
Создай профиль компании пожалуйста,create_company_profile
Зарегистрируй мою фирму,create_company_profile
Хочу создать аккаунт компании пожалуйста,create_company_profile
Хочу создать аккаунт компании пожалуйста,create_company_profile
Хочу открыть профиль для своей фирмы,create_company_profile
Создай карточку организации в базе,create_company_profile
через портал создай учетную запись организации,create_company_profile
Нужно оформить профиль компании сейчас,create_company_profile
Хочу открыть профиль для своей фирмы онлайн,create_company_profile
Зарегистрируй мою фирму пожалуйста,create_company_profile
Хочу создать аккаунт компании,create_company_profile
Открой карточку компании в систему,create_company_profile
Сделай регистрацию фирмы в систему,create_company_profile
Зарегистрируй организацию в системе для компании,create_company_profile
Зарегистрируй новый профиль фирмы сейчас,create_company_profile
Создай учетную запись организации в базе,create_company_profile
Хочу создать аккаунт компании в базе,create_company_profile
Создай учетную запись организации на завтра,create_company_profile
Создай учетную запись организации в систему,create_company_profile
Открой карточку компании на сегодня,create_company_profile
Создай карточку организации автоматически,create_company_profile
Зарегистрируй компанию для работы,create_company_profile
Зарегистрируй компанию для работы срочно,create_company_profile
Зарегистрируй организацию в системе,create_company_profile
Добавь новую организацию,create_company_profile
Нужно оформить профиль компании через портал,create_company_profile
на сегодня создай карточку организации,create_company_profile
Зарегистрируй новый профиль фирмы,create_company_profile
Хочу завести учетку для компании на завтра,create_company_profile
Добавь компанию в систему,create_company_profile
Хочу создать аккаунт компании,create_company_profile
Сделай регистрацию юрлица,create_company_profile
Хочу завести учетку для компании на завтра,create_company_profile
Добавь новую организацию в базе,create_company_profile
автоматически добавь компанию в систему,create_company_profile
Сделай регистрацию фирмы на сегодня,create_company_profile
Хочу создать аккаунт компании онлайн,create_company_profile
в базе добавь новую организацию,create_company_profile
Оформи профиль компании через портал,create_company_profile
для компании зарегистрируй новый профиль фирмы,create_company_profile
Зарегистрируй новый профиль фирмы через портал,create_company_profile
Создай учетную запись организации,create_company_profile
Хочу создать аккаунт компании,create_company_profile
Создай карточку организации,create_company_profile
Хочу открыть профиль для своей фирмы для компании,create_company_profile
Добавь данные новой компании сейчас,create_company_profile
Открой карточку компании с нуля,create_company_profile
Открой карточку компании еще раз,create_company_profile
Создай профиль компании автоматически,create_company_profile
Добавь профиль юрлица через портал,create_company_profile
Открой карточку компании сейчас,create_company_profile
Сделай регистрацию юрлица автоматически,create_company_profile
Зарегистрируй мою фирму в систему,create_company_profile
Создай карточку организации на завтра,create_company_profile
Открой карточку компании еще раз,create_company_profile
Зарегистрируй мою фирму,create_company_profile
Добавь компанию в систему пожалуйста,create_company_profile
Нужно оформить профиль компании автоматически,create_company_profile
в базе сделай регистрацию фирмы,create_company_profile
Добавь компанию в систему автоматически,create_company_profile
Зарегистрируй новый профиль фирмы повторно,create_company_profile
Создай профиль фирмы для закупок еще раз,create_company_profile
Оформи профиль компании в базе,create_company_profile
Создай профиль фирмы для закупок повторно,create_company_profile
Хочу завести учетку для компании,create_company_profile
Зарегистрируй компанию для работы срочно,create_company_profile
Создай профиль компании онлайн,create_company_profile
Зарегистрируй организацию в системе в систему,create_company_profile
срочно хочу завести учетку для компании,create_company_profile
Создай профиль компании через портал,create_company_profile
Открой карточку компании повторно,create_company_profile
Зарегистрируй мою фирму в систему,create_company_profile
Создай карточку организации,create_company_profile
Добавь данные новой компании срочно,create_company_profile
Хочу создать аккаунт компании,create_company_profile
Хочу завести учетку для компании в базе,create_company_profile
Создай карточку организации через портал,create_company_profile
Хочу создать аккаунт компании,create_company_profile
Добавь новую организацию на сегодня,create_company_profile
Зарегистрируй компанию для работы,create_company_profile
Нужно оформить профиль компании,create_company_profile
Сделай регистрацию фирмы срочно,create_company_profile
Добавь профиль юрлица,create_company_profile
Открой карточку компании,create_company_profile
Открой карточку компании,create_company_profile
через портал добавь компанию в систему,create_company_profile
с нуля хочу создать аккаунт компании,create_company_profile
Создай профиль фирмы для закупок с нуля,create_company_profile
Сделай регистрацию фирмы онлайн,create_company_profile
Оформи профиль компании через портал,create_company_profile
Создай учетную запись организации,create_company_profile
для компании добавь компанию в систему,create_company_profile
Добавь данные новой компании для компании,create_company_profile
Создай профиль фирмы для закупок через портал,create_company_profile
Зарегистрируй компанию для работы,create_company_profile
Хочу открыть профиль для своей фирмы,create_company_profile
сейчас добавь новую организацию,create_company_profile
Добавь компанию в систему,create_company_profile
Хочу завести учетку для компании,create_company_profile
Создай профиль компании в базе,create_company_profile
Зарегистрируй новый профиль фирмы на завтра,create_company_profile
Создай профиль компании,create_company_profile
Добавь компанию в систему повторно,create_company_profile
Оформи профиль компании,create_company_profile
Добавь компанию в систему,create_company_profile
Зарегистрируй новый профиль фирмы повторно,create_company_profile
повторно хочу создать аккаунт компании,create_company_profile
Зарегистрируй мою фирму в базе,create_company_profile
Хочу открыть профиль для своей фирмы,create_company_profile
Хочу создать аккаунт компании срочно,create_company_profile
Зарегистрируй организацию в системе с нуля,create_company_profile
Создай учетную запись организации на сегодня,create_company_profile
Добавь компанию в систему сейчас,create_company_profile
в базе зарегистрируй новый профиль фирмы,create_company_profile
Создай учетную запись организации онлайн,create_company_profile
с нуля добавь данные новой компании,create_company_profile
Добавь профиль юрлица,create_company_profile
Добавь компанию в систему,create_company_profile
Хочу открыть профиль для своей фирмы еще раз,create_company_profile
Сделай регистрацию юрлица,create_company_profile
Зарегистрируй организацию в системе на завтра,create_company_profile
еще раз оформи профиль компании,create_company_profile
Оформи профиль компании,create_company_profile
Добавь данные новой компании на сегодня,create_company_profile
Создай профиль фирмы для закупок через портал,create_company_profile
Хочу завести учетку для компании повторно,create_company_profile
Хочу открыть профиль для своей фирмы,create_company_profile
Создай профиль компании,create_company_profile
Создай карточку организации,create_company_profile
Зарегистрируй организацию в системе на завтра,create_company_profile
автоматически создай карточку организации,create_company_profile
Зарегистрируй новый профиль фирмы через портал,create_company_profile
Хочу завести учетку для компании онлайн,create_company_profile
на сегодня хочу создать аккаунт компании,create_company_profile
Нужно оформить профиль компании через портал,create_company_profile
в систему создай учетную запись организации,create_company_profile
Создай профиль компании автоматически,create_company_profile
в систему создай карточку организации,create_company_profile
Сделай регистрацию юрлица,create_company_profile
Хочу открыть профиль для своей фирмы в базе,create_company_profile
Создай карточку организации автоматически,create_company_profile
онлайн хочу завести учетку для компании,create_company_profile
автоматически хочу создать аккаунт компании,create_company_profile
Хочу создать аккаунт компании в базе,create_company_profile
на сегодня добавь профиль юрлица,create_company_profile
Зарегистрируй организацию в системе на завтра,create_company_profile
Зарегистрируй компанию для работы срочно,create_company_profile
Открой карточку компании,create_company_profile
Зарегистрируй новый профиль фирмы,create_company_profile
Добавь новую организацию еще раз,create_company_profile
сейчас создай профиль фирмы для закупок,create_company_profile
Хочу завести учетку для компании,create_company_profile
Сделай регистрацию юрлица срочно,create_company_profile
Хочу открыть профиль для своей фирмы,create_company_profile
в базе создай профиль фирмы для закупок,create_company_profile
Зарегистрируй компанию для работы,create_company_profile
Добавь новую организацию сейчас,create_company_profile
Сделай регистрацию юрлица в базе,create_company_profile
Создай профиль компании,create_company_profile
для компании хочу создать аккаунт компании,create_company_profile
Сделай регистрацию юрлица,create_company_profile
Добавь данные новой компании с нуля,create_company_profile
на сегодня открой карточку компании,create_company_profile
Зарегистрируй организацию в системе,create_company_profile
Добавь новую организацию,create_company_profile
Создай профиль компании,create_company_profile
Сделай регистрацию юрлица,create_company_profile
Зарегай ЭЦП,add_ecp
Сгенерируй ЭЦП срочно,add_ecp
Хочу зарегистрировать цифровую подпись,add_ecp
Добавь электронный сертификат для входа с нуля,add_ecp
Сгенерируй ЭЦП в систему,add_ecp
Нужно оформить ЭЦП на завтра,add_ecp
Зарегистрируй подпись в системе для компании,add_ecp
Создай электронный сертификат в систему,add_ecp
Создай электронный сертификат,add_ecp
Создай подпись для документов через портал,add_ecp
Нужно добавить ЭЦП,add_ecp
Создай ключ подписи на завтра,add_ecp
Зарегистрируй подпись в системе в базе,add_ecp
Создай ЭЦП сейчас,add_ecp
Сделай регистрацию электронной подписи,add_ecp
Заведи ЭЦП для компании,add_ecp
Оформи электронную подпись еще раз,add_ecp
Создай электронный сертификат,add_ecp
Добавь подпись в профиль,add_ecp
Создай электронный сертификат,add_ecp
через портал создай цифровую подпись для работы,add_ecp
Заведи ЭЦП для компании,add_ecp
Хочу зарегистрировать цифровую подпись,add_ecp
Добавь электронный сертификат для входа,add_ecp
Сгенерируй ЭЦП,add_ecp
Добавь электронную подпись,add_ecp
Создай цифровую подпись для работы на завтра,add_ecp
Создай электронный сертификат,add_ecp
Добавь подпись в профиль повторно,add_ecp
Сделай новую ЭЦП еще раз,add_ecp
Создай электронный сертификат автоматически,add_ecp
на сегодня добавь подпись в профиль,add_ecp
Зарегистрируй подпись в системе,add_ecp
Нужно оформить ЭЦП,add_ecp
Добавь электронный сертификат для входа сейчас,add_ecp
Создай подпись для документов на сегодня,add_ecp
Зарегистрируй подпись в системе пожалуйста,add_ecp
Создай ключ подписи пожалуйста,add_ecp
автоматически создай цифровую подпись для работы,add_ecp
Зарегай ЭЦП,add_ecp
Добавь подпись в профиль автоматически,add_ecp
Нужно оформить ЭЦП еще раз,add_ecp
Зарегай ЭЦП,add_ecp
срочно сгенерируй эцп,add_ecp
Добавь ключ ЭЦП в базе,add_ecp
Добавь электронный сертификат для входа,add_ecp
Добавь электронный сертификат для входа,add_ecp
Добавь ключ ЭЦП сейчас,add_ecp
Добавь подпись в профиль через портал,add_ecp
Нужно добавить ЭЦП,add_ecp
Нужно оформить ЭЦП в систему,add_ecp
автоматически добавь электронную подпись,add_ecp
Зарегистрируй подпись в системе срочно,add_ecp
Добавь электронный сертификат для входа в базе,add_ecp
Хочу зарегистрировать цифровую подпись на завтра,add_ecp
Добавь подпись в профиль с нуля,add_ecp
Создай ключ подписи сейчас,add_ecp
Нужно добавить ЭЦП,add_ecp
Добавь электронную подпись,add_ecp
Сгенерируй ЭЦП в базе,add_ecp
Оформи электронную подпись в базе,add_ecp
Добавь электронную подпись,add_ecp
Хочу зарегистрировать цифровую подпись пожалуйста,add_ecp
Добавь электронный сертификат для входа,add_ecp
Подключи цифровую подпись сейчас,add_ecp
Хочу зарегистрировать цифровую подпись,add_ecp
Добавь подпись в профиль автоматически,add_ecp
Создай ЭЦП,add_ecp
Хочу зарегистрировать цифровую подпись,add_ecp
Создай ЭЦП,add_ecp
Создай электронный сертификат автоматически,add_ecp
Создай ключ подписи для компании,add_ecp
Нужно добавить ЭЦП,add_ecp
Добавь подпись в профиль,add_ecp
Создай ЭЦП пожалуйста,add_ecp
Зарегистрируй подпись в системе,add_ecp
Создай цифровую подпись для работы,add_ecp
повторно создай цифровую подпись для работы,add_ecp
Зарегистрируй подпись в системе на сегодня,add_ecp
в систему создай цифровую подпись для работы,add_ecp
Нужно добавить ЭЦП,add_ecp
Добавь ключ ЭЦП,add_ecp
Добавь электронный сертификат для входа сейчас,add_ecp
Сделай новую ЭЦП в систему,add_ecp
Создай ключ подписи на сегодня,add_ecp
Добавь ключ ЭЦП сейчас,add_ecp
Добавь ключ ЭЦП онлайн,add_ecp
Заведи ЭЦП для компании для компании,add_ecp
Создай подпись для документов автоматически,add_ecp
Создай ключ подписи,add_ecp
Создай подпись для документов автоматически,add_ecp
Добавь электронную подпись еще раз,add_ecp
Нужно добавить ЭЦП,add_ecp
Добавь электронный сертификат для входа,add_ecp
Добавь подпись в профиль,add_ecp
Подключи цифровую подпись еще раз,add_ecp
через портал создай электронный сертификат,add_ecp
Добавь ключ ЭЦП для компании,add_ecp
Хочу зарегистрировать цифровую подпись пожалуйста,add_ecp
Заведи ЭЦП для компании пожалуйста,add_ecp
Добавь ключ ЭЦП онлайн,add_ecp
Создай ключ подписи,add_ecp
еще раз хочу зарегистрировать цифровую подпись,add_ecp
Хочу зарегистрировать цифровую подпись еще раз,add_ecp
Создай ключ подписи,add_ecp
Сделай новую ЭЦП для компании,add_ecp
с нуля нужно оформить эцп,add_ecp
Нужно оформить ЭЦП,add_ecp
еще раз создай эцп,add_ecp
Добавь подпись в профиль в систему,add_ecp
Создай подпись для документов,add_ecp
Добавь подпись в профиль,add_ecp
Создай электронный сертификат через портал,add_ecp
Нужно добавить ЭЦП на завтра,add_ecp
Оформи электронную подпись,add_ecp
Зарегай ЭЦП онлайн,add_ecp
Создай ЭЦП с нуля,add_ecp
Хочу зарегистрировать цифровую подпись с нуля,add_ecp
повторно заведи эцп для компании,add_ecp
на завтра добавь ключ эцп,add_ecp
Заведи ЭЦП для компании на сегодня,add_ecp
Создай ключ подписи еще раз,add_ecp
Оформи электронную подпись с нуля,add_ecp
Создай ключ подписи,add_ecp
Добавь электронную подпись пожалуйста,add_ecp
Добавь электронную подпись повторно,add_ecp
Сгенерируй ЭЦП,add_ecp
Нужно оформить ЭЦП в систему,add_ecp
Добавь подпись в профиль еще раз,add_ecp
Подключи цифровую подпись на завтра,add_ecp
Создай подпись для документов,add_ecp
Оформи электронную подпись сейчас,add_ecp
Создай ЭЦП еще раз,add_ecp
Хочу зарегистрировать цифровую подпись пожалуйста,add_ecp
Добавь ключ ЭЦП онлайн,add_ecp
Оформи электронную подпись в базе,add_ecp
пожалуйста оформи электронную подпись,add_ecp
Добавь ключ ЭЦП пожалуйста,add_ecp
Добавь ключ ЭЦП еще раз,add_ecp
Добавь электронный сертификат для входа,add_ecp
Зарегай ЭЦП сейчас,add_ecp
онлайн добавь электронную подпись,add_ecp
Зарегистрируй подпись в системе повторно,add_ecp
Добавь электронный сертификат для входа,add_ecp
Создай цифровую подпись для работы,add_ecp
Добавь электронный сертификат для входа в базе,add_ecp
Добавь ключ ЭЦП,add_ecp
Создай цифровую подпись для работы,add_ecp
Добавь электронный сертификат для входа через портал,add_ecp
сейчас нужно оформить эцп,add_ecp
Оформи электронную подпись пожалуйста,add_ecp
Зарегистрируй подпись в системе через портал,add_ecp
Сделай регистрацию электронной подписи на сегодня,add_ecp
Добавь электронную подпись,add_ecp
Хочу зарегистрировать цифровую подпись,add_ecp
Сделай новую ЭЦП,add_ecp
Зарегай ЭЦП сейчас,add_ecp
еще раз зарегистрируй подпись в системе,add_ecp
Добавь ключ ЭЦП в базе,add_ecp
Добавь ключ ЭЦП,add_ecp
Добавь подпись в профиль,add_ecp
Подключи цифровую подпись,add_ecp
Создай электронный сертификат через портал,add_ecp
Нужно оформить ЭЦП,add_ecp
Сделай новую ЭЦП в базе,add_ecp
Заведи ЭЦП для компании в базе,add_ecp
Создай электронный сертификат,add_ecp
Оформи электронную подпись в систему,add_ecp
Создай ключ подписи,add_ecp
сейчас создай цифровую подпись для работы,add_ecp
Нужно добавить ЭЦП,add_ecp
Добавь подпись в профиль еще раз,add_ecp
Оформи электронную подпись,add_ecp
Хочу зарегистрировать цифровую подпись на сегодня,add_ecp
Нужно добавить ЭЦП онлайн,add_ecp
Зарегай ЭЦП онлайн,add_ecp
Создай цифровую подпись для работы,add_ecp
Нужно добавить ЭЦП,add_ecp
Подключи цифровую подпись,add_ecp
Зарегистрируй подпись в системе,add_ecp
Добавь подпись в профиль автоматически,add_ecp
Сделай новую ЭЦП на завтра,add_ecp
Добавь подпись в профиль еще раз,add_ecp
Сделай регистрацию электронной подписи с нуля,add_ecp
Сделай новую ЭЦП для компании,add_ecp
сейчас оформи электронную подпись,add_ecp
Создай электронный сертификат в базе,add_ecp
Создай цифровую подпись для работы,add_ecp
Сделай регистрацию электронной подписи с нуля,add_ecp
Сделай новую ЭЦП,add_ecp
Подключи цифровую подпись автоматически,add_ecp
Зарегай ЭЦП,add_ecp
Создай электронный сертификат,add_ecp
Подключи цифровую подпись еще раз,add_ecp
Добавь ключ ЭЦП,add_ecp
Сгенерируй ЭЦП повторно,add_ecp
Добавь подпись в профиль автоматически,add_ecp
Создай ключ подписи,add_ecp
Заведи ЭЦП для компании,add_ecp
Добавь электронный сертификат для входа,add_ecp
Заведи прямую закупку в системе срочно,create_direct_procurement
Оформи прямую закупку повторно,create_direct_procurement
через портал создай прямую закупку,create_direct_procurement
Заведи прямую закупку в системе с нуля,create_direct_procurement
Хочу оформить заявку на закупку напрямую,create_direct_procurement
Хочу оформить заявку на закупку напрямую,create_direct_procurement
Хочу подать заявку на прямую закупку,create_direct_procurement
Заведи прямую закупку в системе,create_direct_procurement
Оформи прямую закупку срочно,create_direct_procurement
Добавь документ прямой закупки,create_direct_procurement
пожалуйста зарегистрируй заявку на прямую сделку,create_direct_procurement
Создай прямую заявку на поставку автоматически,create_direct_procurement
Хочу оформить прямую закупку срочно,create_direct_procurement
через портал создай заказ напрямую,create_direct_procurement
Создай прямую закупку для компании в базе,create_direct_procurement
Добавь документ прямой закупки,create_direct_procurement
через портал создай документ для прямой закупки,create_direct_procurement
Добавь заявку на закупку напрямую в систему,create_direct_procurement
Оформи прямую закупку в базе,create_direct_procurement
Хочу оформить прямую закупку через портал,create_direct_procurement
Зарегистрируй заявку на прямую сделку повторно,create_direct_procurement
Нужно создать прямую закупку,create_direct_procurement
Добавь документ прямой закупки на сегодня,create_direct_procurement
Заведи прямую закупку в системе на завтра,create_direct_procurement
Сделай заявку на покупку у поставщика в систему,create_direct_procurement
Создай заказ напрямую,create_direct_procurement
Добавь документ прямой закупки срочно,create_direct_procurement
Сделай заявку на покупку у поставщика на завтра,create_direct_procurement
Создай документ для прямой закупки,create_direct_procurement
Добавь новую заявку на закупку онлайн,create_direct_procurement
в систему создай прямую заявку на поставку,create_direct_procurement
Хочу подать заявку на прямую закупку,create_direct_procurement
Добавь документ прямой закупки еще раз,create_direct_procurement
Создай прямую заявку на поставку автоматически,create_direct_procurement
Оформи заявку на прямую поставку на завтра,create_direct_procurement
автоматически оформи заявку на прямую поставку,create_direct_procurement
Хочу подать заявку на прямую закупку сейчас,create_direct_procurement
повторно сделай регистрацию прямой закупки,create_direct_procurement
Создай прямую закупку через портал,create_direct_procurement
Создай прямую закупку,create_direct_procurement
Добавь заявку на сделку с поставщиком,create_direct_procurement
Создай документ для прямой закупки в базе,create_direct_procurement
Добавь документ прямой закупки,create_direct_procurement
Зарегистрируй заявку на закупку без конкурса,create_direct_procurement
в систему создай заказ напрямую,create_direct_procurement
Заведи прямую закупку в системе,create_direct_procurement
пожалуйста хочу оформить прямую закупку,create_direct_procurement
Добавь заявку на сделку с поставщиком с нуля,create_direct_procurement
Хочу оформить прямую закупку сейчас,create_direct_procurement
Сделай регистрацию прямой закупки,create_direct_procurement
Хочу подать заявку на прямую закупку,create_direct_procurement
Добавь новую заявку на закупку,create_direct_procurement
Создай прямую закупку для компании,create_direct_procurement
Добавь документ прямой закупки,create_direct_procurement
Добавь документ прямой закупки автоматически,create_direct_procurement
Добавь новую заявку на закупку онлайн,create_direct_procurement
в базе нужно создать прямую закупку,create_direct_procurement
Создай прямую заявку на поставку сейчас,create_direct_procurement
Добавь заявку на закупку напрямую сейчас,create_direct_procurement
Заведи прямую закупку в системе,create_direct_procurement
Оформи прямую закупку,create_direct_procurement
Добавь документ прямой закупки срочно,create_direct_procurement
Добавь документ прямой закупки с нуля,create_direct_procurement
Добавь заявку на закупку напрямую онлайн,create_direct_procurement
Создай прямую закупку для компании на сегодня,create_direct_procurement
Сделай заявку на покупку у поставщика,create_direct_procurement
Сделай заявку на покупку у поставщика срочно,create_direct_procurement
Создай прямую заявку на поставку,create_direct_procurement
Заведи прямую закупку в системе еще раз,create_direct_procurement
Создай прямую закупку для компании повторно,create_direct_procurement
Зарегистрируй заявку на прямую сделку,create_direct_procurement
Создай документ для прямой закупки пожалуйста,create_direct_procurement
Нужно создать прямую закупку,create_direct_procurement
Хочу оформить заявку на закупку напрямую с нуля,create_direct_procurement
повторно сделай регистрацию прямой закупки,create_direct_procurement
Добавь документ прямой закупки,create_direct_procurement
Создай прямую закупку для компании,create_direct_procurement
Хочу подать заявку на прямую закупку срочно,create_direct_procurement
Заведи прямую закупку в системе в базе,create_direct_procurement
Хочу оформить прямую закупку для компании,create_direct_procurement
Хочу оформить прямую закупку,create_direct_procurement
Сделай заявку на покупку у поставщика,create_direct_procurement
Оформи прямую закупку,create_direct_procurement
Зарегистрируй заявку на прямую сделку онлайн,create_direct_procurement
Создай прямую заявку на поставку с нуля,create_direct_procurement
Оформи прямую закупку,create_direct_procurement
в систему хочу оформить заявку на закупку напрямую,create_direct_procurement
Сделай регистрацию прямой закупки на сегодня,create_direct_procurement
Добавь заявку на сделку с поставщиком на сегодня,create_direct_procurement
Хочу подать заявку на прямую закупку,create_direct_procurement
Нужно создать прямую закупку с нуля,create_direct_procurement
Добавь новую заявку на закупку пожалуйста,create_direct_procurement
для компании оформи прямую закупку,create_direct_procurement
Добавь заявку на закупку напрямую автоматически,create_direct_procurement
Нужно создать прямую закупку пожалуйста,create_direct_procurement
Создай заказ напрямую,create_direct_procurement
Создай прямую закупку для компании,create_direct_procurement
Добавь заявку на закупку напрямую,create_direct_procurement
автоматически добавь заявку на сделку с поставщиком,create_direct_procurement
Добавь документ прямой закупки сейчас,create_direct_procurement
Создай прямую закупку для компании на завтра,create_direct_procurement
в базе добавь заявку на закупку напрямую,create_direct_procurement
Зарегистрируй заявку на прямую сделку автоматически,create_direct_procurement
Сделай заявку на покупку у поставщика для компании,create_direct_procurement
сейчас добавь заявку на сделку с поставщиком,create_direct_procurement
Добавь документ прямой закупки в базе,create_direct_procurement
срочно оформи прямую закупку,create_direct_procurement
Сделай регистрацию прямой закупки повторно,create_direct_procurement
Создай документ для прямой закупки,create_direct_procurement
пожалуйста хочу оформить заявку на закупку напрямую,create_direct_procurement
Сделай заявку на покупку у поставщика,create_direct_procurement
Создай заказ напрямую через портал,create_direct_procurement
сейчас добавь документ прямой закупки,create_direct_procurement
Оформи прямую закупку,create_direct_procurement
Оформи прямую закупку в базе,create_direct_procurement
Хочу оформить прямую закупку на сегодня,create_direct_procurement
Добавь новую заявку на закупку через портал,create_direct_procurement
Добавь новую заявку на закупку,create_direct_procurement
Хочу оформить прямую закупку,create_direct_procurement
Создай прямую закупку,create_direct_procurement
онлайн добавь документ прямой закупки,create_direct_procurement
Сделай заявку на покупку у поставщика через портал,create_direct_procurement
Создай заказ напрямую,create_direct_procurement
Хочу подать заявку на прямую закупку повторно,create_direct_procurement
автоматически создай прямую закупку для компании,create_direct_procurement
Зарегистрируй заявку на прямую сделку,create_direct_procurement
Зарегистрируй заявку на закупку без конкурса сейчас,create_direct_procurement
Создай документ для прямой закупки для компании,create_direct_procurement
Оформи заявку на прямую поставку,create_direct_procurement
Оформи заявку на прямую поставку с нуля,create_direct_procurement
Сделай регистрацию прямой закупки в базе,create_direct_procurement
Оформи заявку на прямую поставку онлайн,create_direct_procurement
для компании хочу подать заявку на прямую закупку,create_direct_procurement
Сделай регистрацию прямой закупки,create_direct_procurement
Добавь заявку на закупку напрямую сейчас,create_direct_procurement
Зарегистрируй заявку на закупку без конкурса с нуля,create_direct_procurement
Оформи прямую закупку,create_direct_procurement
Заведи прямую закупку в системе,create_direct_procurement
Заведи прямую закупку в системе,create_direct_procurement
Добавь документ прямой закупки в систему,create_direct_procurement
Создай прямую заявку на поставку в систему,create_direct_procurement
Добавь заявку на сделку с поставщиком,create_direct_procurement
Добавь заявку на закупку напрямую,create_direct_procurement
онлайн сделай заявку на покупку у поставщика,create_direct_procurement
Добавь заявку на сделку с поставщиком,create_direct_procurement
Хочу подать заявку на прямую закупку в базе,create_direct_procurement
онлайн сделай регистрацию прямой закупки,create_direct_procurement
Хочу оформить прямую закупку на завтра,create_direct_procurement
Создай прямую закупку через портал,create_direct_procurement
Создай прямую закупку,create_direct_procurement
Добавь заявку на сделку с поставщиком сейчас,create_direct_procurement
Зарегистрируй заявку на закупку без конкурса на завтра,create_direct_procurement
Хочу оформить прямую закупку,create_direct_procurement
через портал сделай заявку на покупку у поставщика,create_direct_procurement
Создай заказ напрямую,create_direct_procurement
Создай прямую заявку на поставку,create_direct_procurement
Зарегистрируй заявку на закупку без конкурса,create_direct_procurement
Сделай заявку на покупку у поставщика для компании,create_direct_procurement
Зарегистрируй заявку на прямую сделку еще раз,create_direct_procurement
Создай заказ напрямую пожалуйста,create_direct_procurement
Добавь заявку на закупку напрямую,create_direct_procurement
Хочу подать заявку на прямую закупку,create_direct_procurement
Хочу подать заявку на прямую закупку,create_direct_procurement
Зарегистрируй заявку на прямую сделку повторно,create_direct_procurement
Зарегистрируй заявку на закупку без конкурса,create_direct_procurement
Добавь заявку на сделку с поставщиком,create_direct_procurement
Сделай заявку на покупку у поставщика срочно,create_direct_procurement
Хочу оформить прямую закупку для компании,create_direct_procurement
Зарегистрируй заявку на прямую сделку пожалуйста,create_direct_procurement
Хочу оформить прямую закупку,create_direct_procurement
Зарегистрируй заявку на прямую сделку,create_direct_procurement
Создай прямую заявку на поставку,create_direct_procurement
Добавь новую заявку на закупку,create_direct_procurement
Создай прямую закупку для компании срочно,create_direct_procurement
Хочу оформить заявку на закупку напрямую в систему,create_direct_procurement
Зарегистрируй заявку на закупку без конкурса на завтра,create_direct_procurement
Хочу оформить заявку на закупку напрямую,create_direct_procurement
сейчас зарегистрируй заявку на закупку без конкурса,create_direct_procurement
Сделай регистрацию прямой закупки в базе,create_direct_procurement
Заведи прямую закупку в системе,create_direct_procurement
Создай документ для прямой закупки срочно,create_direct_procurement
Зарегистрируй заявку на прямую сделку для компании,create_direct_procurement
Добавь заявку на закупку напрямую,create_direct_procurement
Создай прямую закупку для компании еще раз,create_direct_procurement
Создай прямую закупку онлайн,create_direct_procurement
Добавь документ прямой закупки в систему,create_direct_procurement
Добавь заявку на сделку с поставщиком сейчас,create_direct_procurement
Заведи прямую закупку в системе,create_direct_procurement
Создай заказ напрямую онлайн,create_direct_procurement
Зарегистрируй заявку на закупку без конкурса с нуля,create_direct_procurement
Заведи прямую закупку в системе на завтра,create_direct_procurement
Создай заказ напрямую,create_direct_procurement
онлайн добавь заявку на закупку напрямую,create_direct_procurement
Хочу подать заявку на прямую закупку,create_direct_procurement
повторно оформи прямую закупку,create_direct_procurement
Оформи прямую закупку автоматически,create_direct_procurement
пожалуйста добавь новую заявку на закупку,create_direct_procurement
в базе создай документ для прямой закупки,create_direct_procurement
Создай заказ напрямую повторно,create_direct_procurement
Зарегистрируй заявку на закупку без конкурса срочно,create_direct_procurement
Обнови данные пользователя,update_user_profile
Измени мои контактные данные,update_user_profile
Хочу поправить свой аккаунт сейчас,update_user_profile
Откорректируй мои данные с нуля,update_user_profile
Сделай изменения в профиле,update_user_profile
Измени учетную запись,update_user_profile
Обнови данные пользователя,update_user_profile
Обнови карточку пользователя для компании,update_user_profile
Обнови данные пользователя,update_user_profile
Обнови учетку пользователя повторно,update_user_profile
сейчас обнови учетку пользователя,update_user_profile
Измени мой профиль,update_user_profile
сейчас редактируй профиль,update_user_profile
Перепиши информацию в профиле,update_user_profile
Измени мои контактные данные повторно,update_user_profile
Измени мои контактные данные,update_user_profile
на завтра внеси изменения в профиль,update_user_profile
Сделай редактирование профиля,update_user_profile
Хочу поправить свой аккаунт,update_user_profile
Исправь данные аккаунта повторно,update_user_profile
Хочу отредактировать свой аккаунт с нуля,update_user_profile
сейчас хочу отредактировать свой аккаунт,update_user_profile
Сделай изменения в профиле,update_user_profile
Обнови карточку пользователя,update_user_profile
Поправь настройки пользователя в базе,update_user_profile
Перепиши информацию в профиле,update_user_profile
Поправь настройки пользователя срочно,update_user_profile
Редактируй профиль,update_user_profile
Хочу поправить свой аккаунт срочно,update_user_profile
Перепиши информацию в профиле в базе,update_user_profile
Хочу отредактировать свой аккаунт пожалуйста,update_user_profile
Редактируй профиль на сегодня,update_user_profile
Исправь данные аккаунта пожалуйста,update_user_profile
Редактируй профиль на сегодня,update_user_profile
Обнови информацию в профиле,update_user_profile
Хочу поправить свой аккаунт с нуля,update_user_profile
Хочу поправить свой аккаунт,update_user_profile
Сделай изменения в профиле,update_user_profile
Обнови информацию в профиле для компании,update_user_profile
Поправь настройки пользователя,update_user_profile
Перепиши информацию в профиле,update_user_profile
Сделай редактирование профиля на завтра,update_user_profile
Хочу отредактировать свой аккаунт пожалуйста,update_user_profile
Хочу обновить свой профиль повторно,update_user_profile
Измени мои контактные данные повторно,update_user_profile
Хочу отредактировать свой аккаунт в систему,update_user_profile
Измени мои контактные данные в систему,update_user_profile
онлайн поправь настройки пользователя,update_user_profile
онлайн подправь аккаунт,update_user_profile
Откорректируй мои данные,update_user_profile
через портал исправь данные аккаунта,update_user_profile
повторно обнови карточку пользователя,update_user_profile
Обнови карточку пользователя,update_user_profile
Хочу обновить свой профиль,update_user_profile
Исправь данные аккаунта,update_user_profile
Подправь аккаунт автоматически,update_user_profile
Измени учетку,update_user_profile
Откорректируй мои данные,update_user_profile
Измени мои контактные данные,update_user_profile
Сделай изменения в профиле автоматически,update_user_profile
еще раз измени мои контактные данные,update_user_profile
Хочу поправить свой аккаунт,update_user_profile
Обнови данные пользователя в систему,update_user_profile
Редактируй профиль,update_user_profile
Подправь аккаунт,update_user_profile
Перепиши информацию в профиле еще раз,update_user_profile
Перепиши информацию в профиле сейчас,update_user_profile
Обнови учетку пользователя,update_user_profile
в базе обнови карточку пользователя,update_user_profile
еще раз хочу отредактировать свой аккаунт,update_user_profile
Измени мои контактные данные с нуля,update_user_profile
онлайн обнови карточку пользователя,update_user_profile
Откорректируй мои данные сейчас,update_user_profile
Измени мой профиль на завтра,update_user_profile
Обнови учетку пользователя в базе,update_user_profile
через портал хочу поправить свой аккаунт,update_user_profile
Внеси изменения в профиль,update_user_profile
Исправь данные аккаунта онлайн,update_user_profile
Перепиши информацию в профиле,update_user_profile
Измени мои контактные данные,update_user_profile
Обнови учетку пользователя,update_user_profile
Откорректируй мои данные с нуля,update_user_profile
Измени учетную запись для компании,update_user_profile
Обнови данные пользователя,update_user_profile
Измени учетную запись онлайн,update_user_profile
Обнови данные пользователя,update_user_profile
Редактируй профиль онлайн,update_user_profile
Откорректируй мои данные,update_user_profile
в систему измени учетную запись,update_user_profile
на завтра обнови карточку пользователя,update_user_profile
с нуля внеси изменения в профиль,update_user_profile
Редактируй профиль на сегодня,update_user_profile
Сделай редактирование профиля с нуля,update_user_profile
Измени мои контактные данные в систему,update_user_profile
Обнови учетку пользователя с нуля,update_user_profile
Перепиши информацию в профиле повторно,update_user_profile
с нуля исправь данные аккаунта,update_user_profile
Хочу отредактировать свой аккаунт,update_user_profile
Внеси изменения в профиль для компании,update_user_profile
срочно сделай редактирование профиля,update_user_profile
Внеси изменения в профиль,update_user_profile
Измени учетку,update_user_profile
Обнови данные пользователя на сегодня,update_user_profile
Перепиши информацию в профиле автоматически,update_user_profile
Обнови учетку пользователя в систему,update_user_profile
Редактируй профиль пожалуйста,update_user_profile
Измени мой профиль через портал,update_user_profile
Измени мой профиль,update_user_profile
пожалуйста измени учетку,update_user_profile
Поправь настройки пользователя,update_user_profile
Обнови данные пользователя,update_user_profile
Сделай изменения в профиле срочно,update_user_profile
Подправь аккаунт сейчас,update_user_profile
Измени мой профиль пожалуйста,update_user_profile
Сделай изменения в профиле,update_user_profile
Сделай изменения в профиле на сегодня,update_user_profile
Перепиши информацию в профиле срочно,update_user_profile
Сделай изменения в профиле,update_user_profile
Внеси изменения в профиль,update_user_profile
Обнови данные пользователя,update_user_profile
Внеси изменения в профиль,update_user_profile
Обнови учетку пользователя пожалуйста,update_user_profile
Откорректируй мои данные,update_user_profile
Откорректируй мои данные,update_user_profile
Обнови данные пользователя,update_user_profile
Сделай изменения в профиле еще раз,update_user_profile
Обнови информацию в профиле на сегодня,update_user_profile
Перепиши информацию в профиле,update_user_profile
Хочу отредактировать свой аккаунт,update_user_profile
Перепиши информацию в профиле на сегодня,update_user_profile
Подправь аккаунт срочно,update_user_profile
Сделай редактирование профиля,update_user_profile
сейчас внеси изменения в профиль,update_user_profile
пожалуйста измени учетную запись,update_user_profile
Измени мои контактные данные,update_user_profile
через портал сделай изменения в профиле,update_user_profile
Перепиши информацию в профиле,update_user_profile
Поправь настройки пользователя,update_user_profile
Обнови данные пользователя сейчас,update_user_profile
Подправь аккаунт срочно,update_user_profile
Подправь аккаунт,update_user_profile
Измени учетку,update_user_profile
Сделай редактирование профиля онлайн,update_user_profile
Обнови учетку пользователя,update_user_profile
на завтра поправь настройки пользователя,update_user_profile
Измени мой профиль,update_user_profile
Измени мой профиль повторно,update_user_profile
Хочу отредактировать свой аккаунт с нуля,update_user_profile
Обнови учетку пользователя,update_user_profile
Внеси изменения в профиль сейчас,update_user_profile
Сделай редактирование профиля,update_user_profile
Редактируй профиль,update_user_profile
Редактируй профиль пожалуйста,update_user_profile
Откорректируй мои данные повторно,update_user_profile
Подправь аккаунт,update_user_profile
Обнови учетку пользователя,update_user_profile
Внеси изменения в профиль пожалуйста,update_user_profile
онлайн измени учетку,update_user_profile
Измени учетку еще раз,update_user_profile
Сделай редактирование профиля в базе,update_user_profile
Исправь данные аккаунта онлайн,update_user_profile
Обнови данные пользователя,update_user_profile
Исправь данные аккаунта,update_user_profile
Обнови данные пользователя автоматически,update_user_profile
Сделай редактирование профиля повторно,update_user_profile
через портал хочу поправить свой аккаунт,update_user_profile
сейчас внеси изменения в профиль,update_user_profile
Хочу обновить свой профиль,update_user_profile
Сделай редактирование профиля в базе,update_user_profile
Перепиши информацию в профиле в базе,update_user_profile
сейчас внеси изменения в профиль,update_user_profile
Хочу отредактировать свой аккаунт в систему,update_user_profile
Обнови информацию в профиле,update_user_profile
Обнови учетку пользователя в систему,update_user_profile
Внеси изменения в профиль,update_user_profile
Измени учетку,update_user_profile
Обнови информацию в профиле на завтра,update_user_profile
Измени мой профиль повторно,update_user_profile
Измени учетку еще раз,update_user_profile
Измени мой профиль онлайн,update_user_profile
Обнови данные пользователя,update_user_profile
Измени учетку,update_user_profile
Хочу обновить свой профиль,update_user_profile
Сделай редактирование профиля,update_user_profile
Откорректируй мои данные повторно,update_user_profile
повторно сделай изменения в профиле,update_user_profile
Сделай изменения в профиле онлайн,update_user_profile
Обнови учетку пользователя,update_user_profile
Исправь данные аккаунта,update_user_profile
Измени мои контактные данные,update_user_profile
Измени учетку,update_user_profile
Обнови учетку пользователя срочно,update_user_profile
Сделай изменения в профиле еще раз,update_user_profile
Внеси изменения в профиль,update_user_profile
Обнови карточку пользователя,update_user_profile
Внеси изменения в профиль,update_user_profile
Измени мои контактные данные,update_user_profile
еще раз обнови учетку пользователя,update_user_profile
на сегодня редактируй профиль,update_user_profile
Подправь аккаунт для компании,update_user_profile
Сделай котировочную сессию на канцтовары на сегодня,create_quotation_session
в базе сделай запуск котировочной сессии,create_quotation_session
Открой процедуру КС,create_quotation_session
Создай КС на 100 тыс. по мебели на завтра,create_quotation_session
Открой котировочную сессию,create_quotation_session
через портал запусти котировочную сессию,create_quotation_session
Создай заявку через КС через портал,create_quotation_session
Зарегистрируй котировочную сессию,create_quotation_session
Сделай новую котировочную сессию,create_quotation_session
Создай КС сейчас,create_quotation_session
Создай котировочную процедуру еще раз,create_quotation_session
Сделай котировочную сессию на канцтовары,create_quotation_session
Хочу создать КС на стройматериалы сейчас,create_quotation_session
Оформи котировочную сессию,create_quotation_session
Открой процедуру КС для компании,create_quotation_session
Создай КС на 100 тыс. по мебели срочно,create_quotation_session
Добавь КС для закупки услуг в систему,create_quotation_session
Хочу запустить КС повторно,create_quotation_session
на сегодня добавь кс на 200 тыс.,create_quotation_session
Сделай запуск котировочной сессии на завтра,create_quotation_session
Создай КС на поставку техники,create_quotation_session
Хочу оформить КС на сегодня,create_quotation_session
Добавь КС на 200 тыс. повторно,create_quotation_session
Создай заявку через КС повторно,create_quotation_session
Создай котировочную процедуру на сегодня,create_quotation_session
Создай КС,create_quotation_session
Добавь КС для закупки услуг на завтра,create_quotation_session
Хочу создать КС на стройматериалы в базе,create_quotation_session
Создай КС в базе,create_quotation_session
Создай котировочную процедуру еще раз,create_quotation_session
Создай котировочную процедуру,create_quotation_session
Создай КС в систему,create_quotation_session
Создай котировочную процедуру,create_quotation_session
Открой процедуру КС срочно,create_quotation_session
Хочу запустить КС сейчас,create_quotation_session
для компании создай котировочную процедуру,create_quotation_session
Добавь КС для поставки бумаги повторно,create_quotation_session
Создай заявку через КС через портал,create_quotation_session
Создай заявку через КС с нуля,create_quotation_session
Хочу создать КС на стройматериалы срочно,create_quotation_session
Добавь КС для закупки услуг для компании,create_quotation_session
Зарегистрируй процедуру КС,create_quotation_session
Оформи котировочную сессию для компании,create_quotation_session
пожалуйста запусти котировочную сессию,create_quotation_session
Хочу создать КС на стройматериалы,create_quotation_session
Хочу запустить КС,create_quotation_session
Хочу создать КС на стройматериалы для компании,create_quotation_session
Хочу запустить КС в систему,create_quotation_session
Создай КС на 100 тыс. по мебели через портал,create_quotation_session
сейчас сделай новую котировочную сессию,create_quotation_session
Хочу создать КС на стройматериалы,create_quotation_session
Создай КС на 100 тыс. по мебели,create_quotation_session
Создай КС на 100 тыс. по мебели,create_quotation_session
Сделай новую котировочную сессию онлайн,create_quotation_session
Зарегистрируй котировочную сессию автоматически,create_quotation_session
Зарегистрируй процедуру КС,create_quotation_session
Хочу создать КС на стройматериалы,create_quotation_session
Запусти котировочную сессию,create_quotation_session
еще раз создай заявку через кс,create_quotation_session
Сделай запуск котировочной сессии,create_quotation_session
Сделай запуск котировочной сессии,create_quotation_session
Оформи котировочную сессию для компании,create_quotation_session
автоматически добавь кс для поставки бумаги,create_quotation_session
Хочу запустить КС,create_quotation_session
Сделай котировочную сессию на канцтовары,create_quotation_session
Добавь КС для закупки услуг для компании,create_quotation_session
автоматически создай котировочную процедуру,create_quotation_session
Создай КС на 100 тыс. по мебели,create_quotation_session
Хочу создать КС на стройматериалы,create_quotation_session
Хочу оформить КС для компании,create_quotation_session
Хочу запустить КС в базе,create_quotation_session
Хочу запустить КС,create_quotation_session
Добавь КС для поставки бумаги,create_quotation_session
Сделай новую котировочную сессию,create_quotation_session
Создай котировочную процедуру автоматически,create_quotation_session
Создай КС на 100 тыс. по мебели с нуля,create_quotation_session
Создай КС на поставку техники повторно,create_quotation_session
Запусти котировочную сессию еще раз,create_quotation_session
Открой процедуру КС,create_quotation_session
через портал добавь кс на 200 тыс.,create_quotation_session
Добавь КС для закупки услуг срочно,create_quotation_session
Сделай новую котировочную сессию для компании,create_quotation_session
Хочу оформить КС,create_quotation_session
Открой котировочную сессию пожалуйста,create_quotation_session
Создай КС на поставку техники,create_quotation_session
в базе создай кс на поставку техники,create_quotation_session
Сделай новую котировочную сессию онлайн,create_quotation_session
Зарегистрируй котировочную сессию,create_quotation_session
Зарегистрируй котировочную сессию для компании,create_quotation_session
Хочу оформить КС пожалуйста,create_quotation_session
Создай КС на 100 тыс. по мебели для компании,create_quotation_session
Добавь КС на 200 тыс.,create_quotation_session
Хочу оформить КС еще раз,create_quotation_session
Открой котировочную сессию повторно,create_quotation_session
Создай КС на 100 тыс. по мебели на сегодня,create_quotation_session
Зарегистрируй процедуру КС сейчас,create_quotation_session
Добавь КС для закупки услуг еще раз,create_quotation_session
Добавь КС для закупки услуг,create_quotation_session
Добавь КС для закупки услуг онлайн,create_quotation_session
Добавь КС для закупки услуг с нуля,create_quotation_session
Сделай новую котировочную сессию на завтра,create_quotation_session
Зарегистрируй котировочную сессию пожалуйста,create_quotation_session
Создай КС на поставку техники,create_quotation_session
пожалуйста создай кс на поставку техники,create_quotation_session
еще раз открой процедуру кс,create_quotation_session
Открой котировочную сессию,create_quotation_session
Открой процедуру КС,create_quotation_session
на сегодня хочу запустить кс,create_quotation_session
Хочу создать КС на стройматериалы,create_quotation_session
Создай котировочную процедуру на завтра,create_quotation_session
Создай КС на 100 тыс. по мебели онлайн,create_quotation_session
с нуля зарегистрируй котировочную сессию,create_quotation_session
Хочу запустить КС,create_quotation_session
Сделай котировочную сессию на канцтовары,create_quotation_session
Создай котировочную процедуру пожалуйста,create_quotation_session
Добавь КС для поставки бумаги,create_quotation_session
Создай КС на поставку техники повторно,create_quotation_session
Добавь КС для закупки услуг,create_quotation_session
Сделай запуск котировочной сессии на завтра,create_quotation_session
Создай заявку через КС для компании,create_quotation_session
Создай КС на поставку техники,create_quotation_session
Сделай запуск котировочной сессии,create_quotation_session
Хочу запустить КС срочно,create_quotation_session
Сделай новую котировочную сессию,create_quotation_session
на сегодня сделай котировочную сессию на канцтовары,create_quotation_session
пожалуйста хочу оформить кс,create_quotation_session
Хочу оформить КС онлайн,create_quotation_session
Зарегистрируй котировочную сессию,create_quotation_session
Создай КС на поставку техники автоматически,create_quotation_session
Создай КС на 100 тыс. по мебели,create_quotation_session
Хочу оформить КС повторно,create_quotation_session
автоматически хочу запустить кс,create_quotation_session
Запусти котировочную сессию,create_quotation_session
с нуля создай котировочную процедуру,create_quotation_session
Создай заявку через КС,create_quotation_session
в базе открой процедуру кс,create_quotation_session
Хочу создать КС на стройматериалы,create_quotation_session
Добавь КС на 200 тыс.,create_quotation_session
Открой процедуру КС,create_quotation_session
Запусти котировочную сессию в базе,create_quotation_session
Хочу создать КС на стройматериалы повторно,create_quotation_session
Хочу оформить КС,create_quotation_session
Хочу оформить КС повторно,create_quotation_session
Создай КС на поставку техники через портал,create_quotation_session
автоматически сделай котировочную сессию на канцтовары,create_quotation_session
Зарегистрируй процедуру КС,create_quotation_session
повторно добавь кс на 200 тыс.,create_quotation_session
Сделай запуск котировочной сессии,create_quotation_session
Сделай запуск котировочной сессии срочно,create_quotation_session
Зарегистрируй процедуру КС автоматически,create_quotation_session
Сделай запуск котировочной сессии,create_quotation_session
Добавь КС на 200 тыс.,create_quotation_session
Хочу запустить КС,create_quotation_session
Хочу оформить КС,create_quotation_session
Сделай новую котировочную сессию онлайн,create_quotation_session
Создай КС онлайн,create_quotation_session
Сделай котировочную сессию на канцтовары,create_quotation_session
в базе создай кс на поставку техники,create_quotation_session
Зарегистрируй процедуру КС на завтра,create_quotation_session
Хочу оформить КС,create_quotation_session
Создай котировочную процедуру,create_quotation_session
Создай КС на 100 тыс. по мебели пожалуйста,create_quotation_session
Добавь КС на 200 тыс. повторно,create_quotation_session
Хочу создать КС на стройматериалы для компании,create_quotation_session
Оформи котировочную сессию,create_quotation_session
для компании сделай котировочную сессию на канцтовары,create_quotation_session
Сделай запуск котировочной сессии онлайн,create_quotation_session
автоматически сделай запуск котировочной сессии,create_quotation_session
Сделай запуск котировочной сессии,create_quotation_session
Зарегистрируй котировочную сессию,create_quotation_session
Хочу оформить КС,create_quotation_session
автоматически сделай котировочную сессию на канцтовары,create_quotation_session
Создай котировочную процедуру,create_quotation_session
пожалуйста открой процедуру кс,create_quotation_session
Добавь КС для поставки бумаги,create_quotation_session
автоматически хочу запустить кс,create_quotation_session
Добавь КС для закупки услуг,create_quotation_session
Хочу оформить КС сейчас,create_quotation_session
Запусти котировочную сессию онлайн,create_quotation_session
Сделай новую котировочную сессию,create_quotation_session
повторно сделай новую котировочную сессию,create_quotation_session
Сделай новую котировочную сессию в базе,create_quotation_session
Сделай запуск котировочной сессии,create_quotation_session
Открой котировочную сессию,create_quotation_session
Создай котировочную процедуру автоматически,create_quotation_session
в систему хочу оформить кс,create_quotation_session
в систему сделай запуск котировочной сессии,create_quotation_session
Создай КС с нуля,create_quotation_session
Хочу создать КС на стройматериалы в систему,create_quotation_session
Зарегистрируй котировочную сессию онлайн,create_quotation_session
Открой процедуру КС с нуля,create_quotation_session
Добавь КС на 200 тыс. для компании,create_quotation_session
Создай котировочную процедуру,create_quotation_session
Добавь КС для закупки услуг,create_quotation_session
Добавь КС на 200 тыс. срочно,create_quotation_session
онлайн хочу оформить кс,create_quotation_session
Открой процедуру КС,create_quotation_session
Создай котировочную процедуру,create_quotation_session
Оформи котировочную сессию,create_quotation_session
Оформи котировочную сессию,create_quotation_session
Добавь контракт для компании автоматически,create_contract
Добавь контракт для компании,create_contract
Создай контракт пожалуйста,create_contract
Создай договор для компании,create_contract
Создай контракт на 200 тыс.,create_contract
Заведи новый договор с нуля,create_contract
Добавь контракт в систему срочно,create_contract
Оформи новый контракт сейчас,create_contract
сейчас зарегистрируй контракт с поставщиком,create_contract
с нуля зарегистрируй контракт с поставщиком,create_contract
Зарегистрируй договор,create_contract
Создай контракт еще раз,create_contract
Создай контракт на 200 тыс. на завтра,create_contract
Оформи соглашение через портал,create_contract
Создай контракт срочно,create_contract
Оформи соглашение на завтра,create_contract
автоматически создай контракт на 200 тыс.,create_contract
Хочу заключить контракт,create_contract
Создай контракт для сделки в систему,create_contract
Заведи новый договор на сегодня,create_contract
Зарегистрируй договор с нуля,create_contract
Заведи новый договор еще раз,create_contract
Добавь контракт для компании для компании,create_contract
Хочу заключить контракт в базе,create_contract
Оформи соглашение,create_contract
Хочу оформить контракт на услуги,create_contract
Заведи новый договор на завтра,create_contract
Заведи контракт,create_contract
Оформи контракт для закупки,create_contract
Хочу оформить контракт на услуги сейчас,create_contract
Создай контракт на 200 тыс. с нуля,create_contract
Добавь контракт для компании,create_contract
Хочу зарегистрировать контракт,create_contract
на завтра заведи новый договор,create_contract
Оформи новый контракт в базе,create_contract
Оформи контракт для закупки в базе,create_contract
Хочу оформить контракт на услуги еще раз,create_contract
Добавь контракт в систему,create_contract
Подготовь контракт через портал,create_contract
Заведи контракт автоматически,create_contract
Заведи контракт повторно,create_contract
Хочу зарегистрировать контракт в базе,create_contract
автоматически создай документ контракта,create_contract
Создай контракт на 200 тыс.,create_contract
Заведи контракт автоматически,create_contract
Создай контракт для сделки,create_contract
повторно добавь контракт для компании,create_contract
Хочу зарегистрировать контракт,create_contract
срочно подготовь контракт,create_contract
Заведи новый договор,create_contract
Оформи соглашение еще раз,create_contract
Создай документ контракта,create_contract
Создай контракт для сделки срочно,create_contract
Хочу заключить контракт,create_contract
Добавь контракт в систему повторно,create_contract
Зарегистрируй контракт с поставщиком через портал,create_contract
Оформи контракт для закупки,create_contract
еще раз создай контракт на 200 тыс.,create_contract
повторно хочу оформить контракт на услуги,create_contract
Оформи новый контракт на завтра,create_contract
Создай договор на завтра,create_contract
Оформи соглашение на завтра,create_contract
Оформи контракт для закупки в базе,create_contract
Заведи контракт,create_contract
Создай договор повторно,create_contract
пожалуйста добавь новый договор,create_contract
Хочу зарегистрировать контракт в систему,create_contract
Оформи соглашение сейчас,create_contract
Добавь контракт в систему еще раз,create_contract
Хочу оформить контракт на услуги для компании,create_contract
Создай договор срочно,create_contract
Зарегистрируй договор,create_contract
Зарегистрируй контракт с поставщиком,create_contract
в базе добавь контракт для компании,create_contract
Зарегистрируй договор через портал,create_contract
Добавь контракт в систему,create_contract
Хочу заключить контракт,create_contract
Заведи контракт,create_contract
Оформи соглашение в систему,create_contract
Оформи контракт для закупки на завтра,create_contract
Оформи соглашение,create_contract
Хочу зарегистрировать контракт повторно,create_contract
Создай контракт для сделки онлайн,create_contract
Зарегистрируй контракт с поставщиком для компании,create_contract
Подготовь контракт,create_contract
Заведи новый договор онлайн,create_contract
Создай контракт для сделки,create_contract
Добавь контракт в систему пожалуйста,create_contract
Хочу заключить контракт пожалуйста,create_contract
Подготовь контракт еще раз,create_contract
повторно добавь контракт в систему,create_contract
Добавь контракт для компании,create_contract
Хочу оформить контракт на услуги в базе,create_contract
Подготовь контракт на сегодня,create_contract
Добавь контракт для компании,create_contract
Создай контракт на 200 тыс.,create_contract
Создай документ контракта в систему,create_contract
Хочу зарегистрировать контракт для компании,create_contract
Заведи новый договор повторно,create_contract
Создай контракт еще раз,create_contract
Создай контракт онлайн,create_contract
пожалуйста заведи контракт,create_contract
Зарегистрируй договор для компании,create_contract
Хочу заключить контракт,create_contract
Подготовь контракт,create_contract
Заведи контракт повторно,create_contract
Заведи контракт,create_contract
Заведи новый договор онлайн,create_contract
сейчас создай контракт,create_contract
Хочу заключить контракт срочно,create_contract
Зарегистрируй контракт с поставщиком сейчас,create_contract
Заведи контракт,create_contract
Оформи новый контракт в систему,create_contract
Хочу заключить контракт,create_contract
Заведи контракт онлайн,create_contract
Заведи контракт повторно,create_contract
Создай контракт в базе,create_contract
Оформи соглашение,create_contract
на сегодня создай договор,create_contract
для компании оформи новый контракт,create_contract
Создай контракт на сегодня,create_contract
Создай контракт на 200 тыс.,create_contract
Хочу заключить контракт,create_contract
Создай контракт на 200 тыс. на завтра,create_contract
Оформи контракт для закупки автоматически,create_contract
Оформи соглашение,create_contract
Создай контракт на 200 тыс.,create_contract
Оформи новый контракт через портал,create_contract
Хочу зарегистрировать контракт срочно,create_contract
Создай контракт на 200 тыс. пожалуйста,create_contract
автоматически оформи соглашение,create_contract
Зарегистрируй контракт с поставщиком,create_contract
автоматически добавь контракт в систему,create_contract
Заведи контракт,create_contract
Зарегистрируй контракт с поставщиком,create_contract
Заведи новый договор,create_contract
Зарегистрируй договор в систему,create_contract
для компании хочу зарегистрировать контракт,create_contract
Сделай контракт на поставку,create_contract
Зарегистрируй контракт с поставщиком,create_contract
Создай договор еще раз,create_contract
Добавь новый договор,create_contract
Создай договор онлайн,create_contract
Хочу зарегистрировать контракт,create_contract
Хочу оформить контракт на услуги,create_contract
Оформи контракт для закупки с нуля,create_contract
Создай контракт на 200 тыс. для компании,create_contract
Оформи новый контракт сейчас,create_contract
Заведи новый договор для компании,create_contract
Оформи контракт для закупки через портал,create_contract
Добавь контракт для компании еще раз,create_contract
Оформи контракт для закупки,create_contract
Заведи новый договор,create_contract
Оформи новый контракт,create_contract
Зарегистрируй контракт с поставщиком,create_contract
Создай контракт на 200 тыс.,create_contract
сейчас зарегистрируй договор,create_contract
Создай контракт,create_contract
через портал подготовь контракт,create_contract
на сегодня хочу оформить контракт на услуги,create_contract
Хочу оформить контракт на услуги онлайн,create_contract
Зарегистрируй контракт с поставщиком,create_contract
Добавь контракт для компании сейчас,create_contract
Хочу оформить контракт на услуги срочно,create_contract
Добавь новый договор на завтра,create_contract
для компании зарегистрируй контракт с поставщиком,create_contract
Зарегистрируй договор,create_contract
Зарегистрируй договор на завтра,create_contract
через портал подготовь контракт,create_contract
Хочу заключить контракт для компании,create_contract
Создай договор,create_contract
Добавь контракт для компании,create_contract
Добавь новый договор,create_contract
Оформи новый контракт через портал,create_contract
Зарегистрируй контракт с поставщиком на сегодня,create_contract
Подготовь контракт автоматически,create_contract
Добавь контракт в систему пожалуйста,create_contract
Создай договор,create_contract
Создай документ контракта,create_contract
Добавь контракт в систему,create_contract
Зарегистрируй договор,create_contract
Хочу заключить контракт,create_contract
Добавь контракт в систему,create_contract
Подготовь контракт через портал,create_contract
Создай контракт для сделки пожалуйста,create_contract
Создай контракт на 200 тыс.,create_contract
Создай документ контракта на сегодня,create_contract
Создай контракт на 200 тыс.,create_contract
Создай контракт для сделки,create_contract
еще раз заведи контракт,create_contract
Создай контракт на 200 тыс. в базе,create_contract
Оформи контракт для закупки,create_contract
Хочу заключить контракт,create_contract
Добавь контракт для компании онлайн,create_contract
Подготовь контракт на сегодня,create_contract
Создай договор через портал,create_contract
Сделай контракт на поставку на сегодня,create_contract
Хочу зарегистрировать контракт автоматически,create_contract
Зарегистрируй договор автоматически,create_contract
Создай договор на завтра,create_contract
Хочу отредактировать оферту еще раз,manage_offer
Добавь измененную оферту,manage_offer
Опубликуй коммерческое предложение,manage_offer
срочно обнови существующую оферту,manage_offer
Измени текст оферты,manage_offer
Добавь измененную оферту,manage_offer
Добавь новую оферту,manage_offer
Создай проект оферты,manage_offer
Подними обновленную оферту,manage_offer
Добавь новую оферту,manage_offer
Оформи оферту для поставки с нуля,manage_offer
Опубликуй коммерческое предложение,manage_offer
Измени текст оферты в базе,manage_offer
Размести оферту,manage_offer
Опубликуй оферту онлайн,manage_offer
Размести оферту в базе,manage_offer
Подними обновленную оферту онлайн,manage_offer
онлайн хочу отредактировать оферту,manage_offer
Добавь измененную оферту,manage_offer
Измени текст оферты,manage_offer
Сохрани новую версию оферты сейчас,manage_offer
Оформи оферту для поставки,manage_offer
Опубликуй оферту,manage_offer
Сделай публикацию оферты в систему,manage_offer
Сделай редактирование и публикацию оферты еще раз,manage_offer
Создай коммерческое предложение (оферту),manage_offer
Опубликуй оферту,manage_offer
Сделай публикацию оферты,manage_offer
сейчас хочу поправить оферту,manage_offer
Создай коммерческое предложение (оферту) в базе,manage_offer
срочно обнови существующую оферту,manage_offer
Добавь новую оферту,manage_offer
Опубликуй оферту в систему,manage_offer
Оформи оферту для поставки автоматически,manage_offer
Зарегистрируй оферту срочно,manage_offer
Опубликуй оферту еще раз,manage_offer
Добавь измененную оферту,manage_offer
Опубликуй оферту через портал,manage_offer
Размести оферту,manage_offer
Измени текст оферты,manage_offer
Хочу отредактировать оферту с нуля,manage_offer
пожалуйста сохрани новую версию оферты,manage_offer
Выложи оферту на сайт пожалуйста,manage_offer
Создай коммерческое предложение (оферту) для компании,manage_offer
Измени оферту срочно,manage_offer
Хочу поправить оферту,manage_offer
Обнови существующую оферту,manage_offer
Выложи оферту на сайт еще раз,manage_offer
Добавь новую оферту,manage_offer
в систему зарегистрируй оферту,manage_offer
Создай коммерческое предложение (оферту) для компании,manage_offer
онлайн создай коммерческое предложение (оферту),manage_offer
Измени текст оферты с нуля,manage_offer
Измени текст оферты в систему,manage_offer
Создай оферту,manage_offer
на сегодня выложи оферту на сайт,manage_offer
Сохрани новую версию оферты сейчас,manage_offer
Подними обновленную оферту пожалуйста,manage_offer
Создай проект оферты,manage_offer
Размести оферту в базе,manage_offer
Подними обновленную оферту,manage_offer
Зарегистрируй оферту на сегодня,manage_offer
Измени оферту через портал,manage_offer
Добавь новую оферту сейчас,manage_offer
Создай проект оферты онлайн,manage_offer
Добавь измененную оферту в систему,manage_offer
еще раз оформи оферту для поставки,manage_offer
Выложи оферту на сайт,manage_offer
Измени оферту на сегодня,manage_offer
Создай коммерческое предложение (оферту) сейчас,manage_offer
Создай коммерческое предложение (оферту),manage_offer
Зарегистрируй оферту,manage_offer
Опубликуй оферту на сегодня,manage_offer
онлайн оформи оферту для поставки,manage_offer
Подними обновленную оферту,manage_offer
Обнови существующую оферту сейчас,manage_offer
Измени текст оферты еще раз,manage_offer
Создай коммерческое предложение (оферту) в базе,manage_offer
Сделай публикацию оферты,manage_offer
сейчас зарегистрируй оферту,manage_offer
Обнови существующую оферту,manage_offer
Хочу отредактировать оферту,manage_offer
Оформи оферту для поставки,manage_offer
Добавь измененную оферту,manage_offer
Добавь новую оферту,manage_offer
Опубликуй коммерческое предложение,manage_offer
повторно подними обновленную оферту,manage_offer
Добавь измененную оферту,manage_offer
Оформи оферту для поставки,manage_offer
Подними обновленную оферту,manage_offer
Выложи оферту на сайт,manage_offer
Сохрани новую версию оферты на завтра,manage_offer
Создай проект оферты,manage_offer
Создай коммерческое предложение (оферту) срочно,manage_offer
Хочу отредактировать оферту,manage_offer
Создай проект оферты через портал,manage_offer
в базе сделай редактирование и публикацию оферты,manage_offer
Зарегистрируй оферту,manage_offer
Подними обновленную оферту,manage_offer
для компании опубликуй оферту,manage_offer
Оформи оферту для поставки,manage_offer
Измени оферту онлайн,manage_offer
Хочу поправить оферту,manage_offer
в базе измени текст оферты,manage_offer
Размести оферту,manage_offer
Зарегистрируй оферту через портал,manage_offer
Сделай редактирование и публикацию оферты срочно,manage_offer
Зарегистрируй оферту,manage_offer
Обнови существующую оферту сейчас,manage_offer
Измени текст оферты пожалуйста,manage_offer
Создай оферту,manage_offer
Сохрани новую версию оферты,manage_offer
через портал измени текст оферты,manage_offer
Добавь новую оферту,manage_offer
Измени текст оферты еще раз,manage_offer
Обнови существующую оферту,manage_offer
Обнови существующую оферту пожалуйста,manage_offer
Измени оферту в базе,manage_offer
Оформи оферту для поставки,manage_offer
Измени оферту повторно,manage_offer
Опубликуй оферту автоматически,manage_offer
Опубликуй оферту для компании,manage_offer
Измени оферту автоматически,manage_offer
Выложи оферту на сайт,manage_offer
Добавь измененную оферту,manage_offer
Добавь новую оферту пожалуйста,manage_offer
Размести оферту,manage_offer
Создай оферту онлайн,manage_offer
Измени оферту,manage_offer
Размести оферту,manage_offer
Хочу отредактировать оферту на сегодня,manage_offer
Подними обновленную оферту онлайн,manage_offer
на сегодня выложи оферту на сайт,manage_offer
Измени текст оферты,manage_offer
Измени текст оферты пожалуйста,manage_offer
Измени текст оферты срочно,manage_offer
Создай оферту,manage_offer
Создай проект оферты на сегодня,manage_offer
Выложи оферту на сайт в систему,manage_offer
через портал создай проект оферты,manage_offer
Измени текст оферты,manage_offer
Измени текст оферты еще раз,manage_offer
Опубликуй оферту автоматически,manage_offer
Добавь измененную оферту,manage_offer
Добавь измененную оферту,manage_offer
Хочу отредактировать оферту,manage_offer
Зарегистрируй оферту на завтра,manage_offer
Измени оферту,manage_offer
Создай оферту повторно,manage_offer
Создай оферту,manage_offer
Оформи оферту для поставки,manage_offer
пожалуйста обнови существующую оферту,manage_offer
Опубликуй оферту в базе,manage_offer
Сохрани новую версию оферты,manage_offer
Сделай редактирование и публикацию оферты автоматически,manage_offer
Сделай редактирование и публикацию оферты,manage_offer
Добавь измененную оферту,manage_offer
Сохрани новую версию оферты еще раз,manage_offer
Выложи оферту на сайт на сегодня,manage_offer
Обнови существующую оферту,manage_offer
Обнови существующую оферту,manage_offer
Хочу отредактировать оферту повторно,manage_offer
Выложи оферту на сайт еще раз,manage_offer
Сохрани новую версию оферты на сегодня,manage_offer
в систему выложи оферту на сайт,manage_offer
Оформи оферту для поставки,manage_offer
Создай проект оферты пожалуйста,manage_offer
Добавь измененную оферту для компании,manage_offer
Сделай публикацию оферты в базе,manage_offer
Подними обновленную оферту,manage_offer
Создай оферту,manage_offer
Создай проект оферты,manage_offer
Опубликуй оферту с нуля,manage_offer
Хочу поправить оферту,manage_offer
Измени оферту в базе,manage_offer
Добавь новую оферту через портал,manage_offer
Добавь новую оферту,manage_offer
Опубликуй оферту онлайн,manage_offer
Хочу отредактировать оферту,manage_offer
Измени оферту с нуля,manage_offer
Выложи оферту на сайт автоматически,manage_offer
Размести оферту еще раз,manage_offer
Хочу отредактировать оферту в базе,manage_offer
Сделай редактирование и публикацию оферты,manage_offer
в базе сделай публикацию оферты,manage_offer
Опубликуй коммерческое предложение,manage_offer
Сохрани новую версию оферты для компании,manage_offer
Создай проект оферты,manage_offer
Измени оферту повторно,manage_offer
Выложи оферту на сайт,manage_offer
сейчас создай оферту,manage_offer
Опубликуй оферту для компании,manage_offer
для компании хочу поправить оферту,manage_offer
Добавь измененную оферту еще раз,manage_offer
Сделай публикацию оферты,manage_offer
Добавь новую оферту,manage_offer
Сделай публикацию оферты на сегодня,manage_offer
Сделай редактирование и публикацию оферты автоматически,manage_offer
онлайн сделай публикацию оферты,manage_offer
Оформи оферту для поставки в систему,manage_offer
